Gene,Manning Name,HGNC Name,Kinase Name,Group,Family,SubFamily,UniprotID,Uniprot_Gene
ABL1,ABL,ABL1,Tyrosine-protein kinase ABL1,TK,Abl,,P00519,P00519_ABL1
ACK,ACK,TNK2,Activated CDC42 kinase 1,TK,Ack,,Q07912,Q07912_ACK
ACTR2,ACTR2,ACVR2A,Activin receptor type-2A,TKL,STKR,STKR2,P27037,P27037_ACTR2
ACTR2B,ACTR2B,ACVR2B,Activin receptor type-2B,TKL,STKR,STKR2,Q13705,Q13705_ACTR2B
ADCK4,ADCK4,ADCK4,Uncharacterized aarF domain-containing protein kinase 4,Atypical,ABC1,ABC1-A,Q96D53,Q96D53_ADCK4
Trb1,Trb1,TRIB1,Tribbles homolog 1,CAMK,Trbl,,Q96RU8,Q96RU8_Trb1
BRSK2,BRSK2,BRSK2,Serine/threonine-protein kinase BRSK2,CAMK,CAMKL,BRSK,Q8IWQ3,Q8IWQ3_BRSK2
Wnk2,Wnk2,WNK2,Serine/threonine-protein kinase WNK2,Other,WNK,,Q9Y3S1,Q9Y3S1_Wnk2
AKT1,AKT1,AKT1,RAC-alpha serine/threonine-protein kinase,AGC,Akt,,P31749,P31749_AKT1
AKT2,AKT2,AKT2,RAC-beta serine/threonine-protein kinase,AGC,Akt,,P31751,P31751_AKT2
AKT3,AKT3,AKT3,RAC-gamma serine/threonine-protein kinase,AGC,Akt,,Q9Y243,Q9Y243_AKT3
CaMK1g,CaMK1g,CAMK1G,Calcium/calmodulin-dependent protein kinase type 1G,CAMK,CAMK1,,Q96NX5,Q96NX5_CaMK1g
ALK,ALK,ALK,ALK tyrosine kinase receptor,TK,ALK,,Q9UM73,Q9UM73_ALK
ALK1,ALK1,ACVRL1,Serine/threonine-protein kinase receptor R3,TKL,STKR,STKR1,P37023,P37023_ALK1
ALK2,ALK2,ACVR1,Activin receptor type-1,TKL,STKR,STKR1,Q04771,Q04771_ALK2
BMPR1A,BMPR1A,BMPR1A,Bone morphogenetic protein receptor type-1A,TKL,STKR,STKR1,P36894,P36894_BMPR1A
ALK4,ALK4,ACVR1B,Activin receptor type-1B,TKL,STKR,STKR1,P36896,P36896_ALK4
TGFbR1,TGFbR1,TGFBR1,TGF-beta receptor type-1,TKL,STKR,STKR1,P36897,P36897_TGFbR1
BMPR1B,BMPR1B,BMPR1B,Bone morphogenetic protein receptor type-1B,TKL,STKR,STKR1,O00238,O00238_BMPR1B
AMPKa1,AMPKa1,PRKAA1,5'-AMP-activated protein kinase catalytic subunit alpha-1,CAMK,CAMKL,AMPK,Q13131,Q13131_AMPKa1
AMPKa2,AMPKa2,PRKAA2,5'-AMP-activated protein kinase catalytic subunit alpha-2,CAMK,CAMKL,AMPK,P54646,P54646_AMPKa2
ANPa,ANPa,NPR1,Atrial natriuretic peptide receptor 1,RGC,RGC,,P16066,P16066_ANPa
ANPb,ANPb,NPR2,Atrial natriuretic peptide receptor 2,RGC,RGC,,P20594,P20594_ANPb
ARAF,ARAF,ARAF,Serine/threonine-protein kinase A-Raf,TKL,RAF,,P10398,P10398_ARAF
ABL2,ARG,ABL2,Abelson tyrosine-protein kinase 2,TK,Abl,,P42684,P42684_ABL2
ATM,ATM,ATM,Serine-protein kinase ATM,Atypical,PIKK,ATM,Q13315,Q13315_ATM
ATR,ATR,ATR,Serine/threonine-protein kinase ATR,Atypical,PIKK,ATR,Q13535,Q13535_ATR
AurC,AurC,AURKC,Aurora kinase C,Other,Aur,,Q9UQB9,Q9UQB9_AurC
AXL,AXL,AXL,Tyrosine-protein kinase receptor UFO,TK,Axl,,P30530,P30530_AXL
BARK1,BARK1,ADRBK1,Beta-adrenergic receptor kinase 1,AGC,GRK,BARK,P25098,P25098_BARK1
BCKDK,BCKDK,BCKDK,[3-methyl-2-oxobutanoate dehydrogenase [lipoamide]] kinase,Atypical,PDHK,,O14874,O14874_BCKDK
GCK,GCK,MAP4K2,Mitogen-activated protein kinase kinase kinase kinase 2,STE,STE20,KHS,Q12851,Q12851_GCK
BLK,BLK,BLK,Tyrosine-protein kinase Blk,TK,Src,,P51451,P51451_BLK
BRAF,BRAF,BRAF,Serine/threonine-protein kinase B-raf,TKL,RAF,,P15056,P15056_BRAF
BRK,BRK,PTK6,Protein-tyrosine kinase 6,TK,Src,,Q13882,Q13882_BRK
BTK,BTK,BTK,Tyrosine-protein kinase BTK,TK,Tec,,Q06187,Q06187_BTK
BUBR1,BUBR1,BUB1B,Mitotic checkpoint serine/threonine-protein kinase BUB1 beta,Other,BUB,,O60566,O60566_BUBR1
CDK7,CDK7,CDK7,Cyclin-dependent kinase 7,CMGC,CDK,CDK7,P50613,P50613_CDK7
CaMK1a,CaMK1a,CAMK1,Calcium/calmodulin-dependent protein kinase type 1,CAMK,CAMK1,,Q14012,Q14012_CaMK1a
CaMK2a,CaMK2a,CAMK2A,Calcium/calmodulin-dependent protein kinase type II subunit alpha,CAMK,CAMK2,,Q9UQM7,Q9UQM7_CaMK2a
CaMK2b,CaMK2b,CAMK2B,Calcium/calmodulin-dependent protein kinase type II subunit beta,CAMK,CAMK2,,Q13554,Q13554_CaMK2b
CaMK2g,CaMK2g,CAMK2G,Calcium/calmodulin-dependent protein kinase (CaM kinase) II gamma,CAMK,CAMK2,,Q13555,Q13555_CaMK2g
CaMK4,CaMK4,CAMK4,Calcium/calmodulin-dependent protein kinase type IV,CAMK,CAMK1,,Q16566,Q16566_CaMK4
VACAMKL,VACAMKL,CAMKV,CaM kinase-like vesicle-associated protein,CAMK,CAMK-Unique,,Q8NCB2,Q8NCB2_VACAMKL
DCAMKL1,DCAMKL1,DCLK1,Serine/threonine-protein kinase DCLK1,CAMK,DCAMKL,,O15075,O15075_DCAMKL1
CASK,CASK,CASK,Peripheral plasma membrane protein CASK,CAMK,CASK,,O14936,O14936_CASK
CDC2,CDC2,CDK1,Cyclin-dependent kinase 1,CMGC,CDK,CDC2,P06493,P06493_CDC2
CDC7,CDC7,CDC7,Cell division cycle 7-related protein kinase,Other,CDC7,,O00311,O00311_CDC7
CDK2,CDK2,CDK2,Cyclin-dependent kinase 2,CMGC,CDK,CDK2,P24941,P24941_CDK2
CDK3,CDK3,CDK3,Cyclin-dependent kinase 3,CMGC,CDK,CDK2,Q00526,Q00526_CDK3
CDK4,CDK4,CDK4,Cyclin-dependent kinase 4,CMGC,CDK,CDK4,P11802,P11802_CDK4
CDK5,CDK5,CDK5,Cyclin-dependent kinase 5,CMGC,CDK,CDK5,Q00535,Q00535_CDK5
CDK6,CDK6,CDK6,Cyclin-dependent kinase 6,CMGC,CDK,CDK4,Q00534,Q00534_CDK6
CDK8,CDK8,CDK8,Cyclin-dependent kinase 8,CMGC,CDK,CDK8,P49336,P49336_CDK8
PKG1,PKG1,PRKG1,cGMP-dependent protein kinase,AGC,PKG,,Q13976,Q13976_PKG1
PKG2,PKG2,PRKG2,cGMP-dependent protein kinase 2,AGC,PKG,,Q13237,Q13237_PKG2
CHED,CHED,CDK13,Cyclin-dependent kinase 13,CMGC,CDK,CRK7,Q14004,Q14004_CHED
CHK1,CHK1,CHEK1,Serine/threonine-protein kinase Chk1,CAMK,CAMKL,CHK1,O14757,O14757_CHK1
CHK2,CHK2,CHEK2,Serine/threonine-protein kinase Chk2,CAMK,RAD53,,O96017,O96017_CHK2
CK1a,CK1a,CSNK1A1,Casein kinase I isoform alpha,CK1,CK1,,P48729,P48729_CK1a
CK1d,CK1d,CSNK1D,Casein kinase I isoform delta,CK1,CK1,,P48730,P48730_CK1d
CK1e,CK1e,CSNK1E,Casein kinase I isoform epsilon,CK1,CK1,,P49674,P49674_CK1e
CK1g2,CK1g2,CSNK1G2,Casein kinase I isoform gamma-2,CK1,CK1,,P78368,P78368_CK1g2
CK1g3,CK1g3,CSNK1G3,Casein kinase I isoform gamma-3,CK1,CK1,,Q9Y6M4,Q9Y6M4_CK1g3
CK2a1,CK2a1,CSNK2A1,Casein kinase II subunit alpha,CMGC,CK2,,P68400,P68400_CK2a1
CK2a2,CK2a2,CSNK2A2,Casein kinase II subunit alpha',CMGC,CK2,,P19784,P19784_CK2a2
CLK1,CLK1,CLK1,Dual specificity protein kinase CLK1,CMGC,CLK,,P49759,P49759_CLK1
CLK2,CLK2,CLK2,Dual specificity protein kinase CLK2,CMGC,CLK,,P49760,P49760_CLK2
CLK3,CLK3,CLK3,Dual specificity protein kinase CLK3,CMGC,CLK,,P49761,P49761_CLK3
COT,COT,MAP3K8,Mitogen-activated protein kinase kinase kinase 8,STE,STE-Unique,,P41279,P41279_COT
FMS,FMS,CSF1R,Macrophage colony-stimulating factor 1 receptor,TK,PDGFR,,P07333,P07333_FMS
CSK,CSK,CSK,Tyrosine-protein kinase CSK,TK,Csk,,P41240,P41240_CSK
MARK3,MARK3,MARK3,MAP/microtubule affinity-regulating kinase 3,CAMK,CAMKL,MARK,P27448,P27448_MARK3
CYGD,CYGD,GUCY2D,Retinal guanylyl cyclase 1,RGC,RGC,,Q02846,Q02846_CYGD
CYGF,CYGF,GUCY2F,Retinal guanylyl cyclase 2,RGC,RGC,,P51841,P51841_CYGF
DAPK1,DAPK1,DAPK1,Death-associated protein kinase 1,CAMK,DAPK,,P53355,P53355_DAPK1
DAPK2,DAPK2,DAPK2,Death-associated protein kinase 2,CAMK,DAPK,,Q9UIK4,Q9UIK4_DAPK2
DLK,DLK,MAP3K12,Mitogen-activated protein kinase kinase kinase 12,TKL,MLK,LZK,Q12852,Q12852_DLK
DMPK1,DMPK1,DMPK,Myotonin-protein kinase,AGC,DMPK,GEK,Q09013,Q09013_DMPK1
DMPK2,DMPK2,CDC42BPG,Serine/threonine-protein kinase MRCK gamma,AGC,DMPK,GEK,Q6DT37,Q6DT37_DMPK2
DNAPK,DNAPK,PRKDC,DNA-dependent protein kinase catalytic subunit,Atypical,PIKK,DNAPK,P78527,P78527_DNAPK
DYRK1B,DYRK1B,DYRK1B,Dual specificity tyrosine-phosphorylation-regulated kinase 1B,CMGC,DYRK,DYRK1,Q9Y463,Q9Y463_DYRK1B
DYRK2,DYRK2,DYRK2,Dual specificity tyrosine-phosphorylation-regulated kinase 2,CMGC,DYRK,DYRK2,Q92630,Q92630_DYRK2
DYRK4,DYRK4,DYRK4,Dual specificity tyrosine-phosphorylation-regulated kinase 4,CMGC,DYRK,DYRK2,Q9NR20,Q9NR20_DYRK4
eEF2K,eEF2K,EEF2K,Eukaryotic elongation factor 2 kinase,Atypical,Alpha,eEF2K,O00418,O00418_eEF2K
EGFR,EGFR,EGFR,Epidermal growth factor receptor,TK,EGFR,,P00533,P00533_EGFR
PKR,PKR,EIF2AK2,Interferon-induced,Other,PEK,,P19525,P19525_PKR
MARK2,MARK2,MARK2,Serine/threonine-protein kinase MARK2,CAMK,CAMKL,MARK,Q7KZI7,Q7KZI7_MARK2
EphA1,EphA1,EPHA1,Ephrin type-A receptor 1,TK,Eph,,P21709,P21709_EphA1
EphA2,EphA2,EPHA2,Ephrin type-A receptor 2,TK,Eph,,P29317,P29317_EphA2
EphA3,EphA3,EPHA3,Ephrin type-A receptor 3,TK,Eph,,P29320,P29320_EphA3
EphA4,EphA4,EPHA4,Ephrin type-A receptor 4,TK,Eph,,P54764,P54764_EphA4
EphA5,EphA5,EPHA5,Ephrin type-A receptor 5,TK,Eph,,P54756,P54756_EphA5
EphA8,EphA8,EPHA8,Ephrin type-A receptor 8,TK,Eph,,P29322,P29322_EphA8
EphB1,EphB1,EPHB1,Ephrin type-B receptor 1,TK,Eph,,P54762,P54762_EphB1
EphB2,EphB2,EPHB2,Ephrin type-B receptor 2,TK,Eph,,P29323,P29323_EphB2
EphB3,EphB3,EPHB3,Ephrin type-B receptor 3,TK,Eph,,P54753,P54753_EphB3
EphB4,EphB4,EPHB4,Ephrin type-B receptor 4,TK,Eph,,P54760,P54760_EphB4
EphB6,EphB6,EPHB6,Ephrin type-B receptor 6,TK,Eph,,O15197,O15197_EphB6
Erk1,Erk1,MAPK3,Mitogen-activated protein kinase 3,CMGC,MAPK,ERK1,P27361,P27361_Erk1
Erk2,Erk2,MAPK1,Mitogen-activated protein kinase 1,CMGC,MAPK,ERK1,P28482,P28482_Erk2
Erk3,Erk3,MAPK6,Mitogen-activated protein kinase 6,CMGC,MAPK,ERK3,Q16659,Q16659_Erk3
Erk4,Erk4,MAPK4,Mitogen-activated protein kinase 4,CMGC,MAPK,ERK3,P31152,P31152_Erk4
FAK,FAK,PTK2,Focal adhesion kinase 1,TK,FAK,,Q05397,Q05397_FAK
FER,FER,FER,Tyrosine-protein kinase Fer,TK,Fer,,P16591,P16591_FER
FES,FES,FES,Tyrosine-protein kinase Fes/Fps,TK,Fer,,P07332,P07332_FES
FGFR1,FGFR1,FGFR1,Fibroblast growth factor receptor 1,TK,FGFR,,P11362,P11362_FGFR1
FGFR2,FGFR2,FGFR2,Fibroblast growth factor receptor 2,TK,FGFR,,P21802,P21802_FGFR2
FGFR3,FGFR3,FGFR3,Fibroblast growth factor receptor 3,TK,FGFR,,P22607,P22607_FGFR3
FGFR4,FGFR4,FGFR4,Fibroblast growth factor receptor 4,TK,FGFR,,P22455,P22455_FGFR4
FGR,FGR,FGR,Tyrosine-protein kinase Fgr,TK,Src,,P09769,P09769_FGR
FLT3,FLT3,FLT3,Receptor-type tyrosine-protein kinase FLT3,TK,PDGFR,,P36888,P36888_FLT3
FLT1,FLT1,FLT1,Vascular endothelial growth factor receptor 1,TK,VEGFR,,P17948,P17948_FLT1
FLT4,FLT4,FLT4,Vascular endothelial growth factor receptor 3,TK,VEGFR,,P35916,P35916_FLT4
FRAP,FRAP,MTOR,Serine/threonine-protein kinase mTOR,Atypical,PIKK,FRAP,P42345,P42345_FRAP
FYN,FYN,FYN,Tyrosine-protein kinase Fyn,TK,Src,,P06241,P06241_FYN
GAK,GAK,GAK,Cyclin-G-associated kinase,Other,NAK,,O14976,O14976_GAK
GPRK4,GPRK4,GRK4,G protein-coupled receptor kinase 4,AGC,GRK,GRK,P32298,P32298_GPRK4
GPRK5,GPRK5,GRK5,G protein-coupled receptor kinase 5,AGC,GRK,GRK,P34947,P34947_GPRK5
GPRK6,GPRK6,GRK6,G protein-coupled receptor kinase 6,AGC,GRK,GRK,P43250,P43250_GPRK6
Trb2,Trb2,TRIB2,Tribbles homolog 2,CAMK,Trbl,,Q92519,Q92519_Trb2
GSK3A,GSK3A,GSK3A,Glycogen synthase kinase-3 alpha,CMGC,GSK,,P49840,P49840_GSK3A
GSK3B,GSK3B,GSK3B,Glycogen synthase kinase-3 beta,CMGC,GSK,,P49841,P49841_GSK3B
HCK,HCK,HCK,Tyrosine-protein kinase HCK,TK,Src,,P08631,P08631_HCK
ErbB2,HER2/ErbB2,ERBB2,Receptor tyrosine-protein kinase erbB-2,TK,EGFR,,P04626,P04626_ErbB2
ErbB3,HER3/ErbB3,ERBB3,Receptor tyrosine-protein kinase erbB-3,TK,EGFR,,P21860,P21860_ErbB3
ErbB4,HER4/ErbB4,ERBB4,Receptor tyrosine-protein kinase erbB-4,TK,EGFR,,Q15303,Q15303_ErbB4
HIPK1,HIPK1,HIPK1,Homeodomain-interacting protein kinase 1,CMGC,DYRK,HIPK,Q86Z02,Q86Z02_HIPK1
HPK1,HPK1,MAP4K1,Mitogen-activated protein kinase kinase kinase kinase 1,STE,STE20,KHS,Q92918,Q92918_HPK1
HSER,HSER,GUCY2C,Heat-stable enterotoxin receptor,RGC,RGC,,P25092,P25092_HSER
IGF1R,IGF1R,IGF1R,Insulin-like growth factor 1 receptor,TK,InsR,,P08069,P08069_IGF1R
IKKa,IKKa,CHUK,Inhibitor of nuclear factor kappa-B kinase subunit alpha,Other,IKK,,O15111,O15111_IKKa
IKKb,IKKb,IKBKB,Inhibitor of nuclear factor kappa-B kinase subunit beta,Other,IKK,,O14920,O14920_IKKb
ILK,ILK,ILK,Integrin-linked protein kinase,TKL,MLK,ILK,Q13418,Q13418_ILK
INSR,INSR,INSR,Insulin receptor,TK,InsR,,P06213,P06213_INSR
IRAK1,IRAK1,IRAK1,Interleukin-1 receptor-associated kinase 1,TKL,IRAK,,P51617,P51617_IRAK1
IRAK2,IRAK2,IRAK2,Interleukin-1 receptor-associated kinase-like 2,TKL,IRAK,,O43187,O43187_IRAK2
IRAK3,IRAK3,IRAK3,Interleukin-1 receptor-associated kinase 3,TKL,IRAK,,Q9Y616,Q9Y616_IRAK3
IRE1,IRE1,ERN1,Serine/threonine-protein kinase/endoribonuclease IRE1,Other,IRE,,O75460,O75460_IRE1
IRR,IRR,INSRR,Insulin receptor-related protein,TK,InsR,,P14616,P14616_IRR
ITK,ITK,ITK,Tyrosine-protein kinase ITK/TSK,TK,Tec,,Q08881,Q08881_ITK
JAK1,JAK1,JAK1,Tyrosine-protein kinase JAK1,TK,Jak,,P23458,P23458_JAK1
JAK2,JAK2,JAK2,Tyrosine-protein kinase JAK2,TK,Jak,,O60674,O60674_JAK2
JAK3,JAK3,JAK3,Tyrosine-protein kinase JAK3,TK,Jak,,P52333,P52333_JAK3
JNK1,JNK1,MAPK8,Mitogen-activated protein kinase 8,CMGC,MAPK,JNK,P45983,P45983_JNK1
JNK2,JNK2,MAPK9,Mitogen-activated protein kinase 9,CMGC,MAPK,JNK,P45984,P45984_JNK2
JNK3,JNK3,MAPK10,Mitogen-activated protein kinase 10,CMGC,MAPK,JNK,P53779,P53779_JNK3
KHS1,KHS1,MAP4K5,Mitogen-activated protein kinase kinase kinase kinase 5,STE,STE20,KHS,Q9Y4K4,Q9Y4K4_KHS1
IKKe,IKKe,IKBKE,Inhibitor of nuclear factor kappa-B kinase subunit epsilon,Other,IKK,,Q14164,Q14164_IKKe
NuaK1,NuaK1,NUAK1,NUAK family SNF1-like kinase 1,CAMK,CAMKL,NuaK,O60285,O60285_NuaK1
MAST3,MAST3,MAST3,Microtubule-associated serine/threonine-protein kinase 3,AGC,MAST,,O60307,O60307_MAST3
Fused,Fused,STK36,Serine/threonine-protein kinase 36,Other,ULK,,Q9NRP7,Q9NRP7_Fused
PIM3,PIM3,PIM3,Serine/threonine-protein kinase pim-3,CAMK,PIM,,Q86V86,Q86V86_PIM3
KIT,KIT,KIT,Mast/stem cell growth factor receptor Kit,TK,PDGFR,,P10721,P10721_KIT
CDKL2,CDKL2,CDKL2,Cyclin-dependent kinase-like 2,CMGC,CDKL,,Q92772,Q92772_CDKL2
CDKL1,CDKL1,CDKL1,Cyclin-dependent kinase-like 1,CMGC,CDKL,,Q00532,Q00532_CDKL1
KSR1,KSR1,KSR1,Kinase suppressor of Ras 1,TKL,RAF,KSR,Q8IVT5,Q8IVT5_KSR1
LCK,LCK,LCK,Tyrosine-protein kinase Lck,TK,Src,,P06239,P06239_LCK
LIMK2,LIMK2,LIMK2,LIM domain kinase 2,TKL,LISK,LIMK,P53671,P53671_LIMK2
LKB1,LKB1,STK11,Serine/threonine-protein kinase STK11,CAMK,CAMKL,LKB,Q15831,Q15831_LKB1
LTK,LTK,LTK,Leukocyte tyrosine kinase receptor,TK,ALK,,P29376,P29376_LTK
LYN,LYN,LYN,Tyrosine-protein kinase Lyn,TK,Src,,P07948,P07948_LYN
MAK,MAK,MAK,Serine/threonine-protein kinase MAK,CMGC,RCK,,P20794,P20794_MAK
MAPKAPK2,MAPKAPK2,MAPKAPK2,MAP kinase-activated protein kinase 2,CAMK,MAPKAPK,MK2,P49137,P49137_MAPKAPK2
MAPKAPK3,MAPKAPK3,MAPKAPK3,MAP kinase-activated protein kinase 3,CAMK,MAPKAPK,MK2,Q16644,Q16644_MAPKAPK3
MAPKAPK5,MAPKAPK5,MAPKAPK5,MAP kinase-activated protein kinase 5,CAMK,MAPKAPK,MK5,Q8IW41,Q8IW41_MAPKAPK5
MARK1,MARK1,MARK1,Serine/threonine-protein kinase MARK1,CAMK,CAMKL,MARK,Q9P0L2,Q9P0L2_MARK1
MAST2,MAST2,MAST2,Microtubule-associated serine/threonine-protein kinase 2,AGC,MAST,,Q6P0Q8,Q6P0Q8_MAST2
MAP2K1,MAP2K1,MAP2K1,Dual specificity mitogen-activated protein kinase kinase 1,STE,STE7,,Q02750,Q02750_MAP2K1
MAP2K2,MAP2K2,MAP2K2,Dual specificity mitogen-activated protein kinase kinase 2,STE,STE7,,P36507,P36507_MAP2K2
MAP2K5,MAP2K5,MAP2K5,Dual specificity mitogen-activated protein kinase kinase 5,STE,STE7,,Q13163,Q13163_MAP2K5
MAP2K6,MAP2K6,MAP2K6,Dual specificity mitogen-activated protein kinase kinase 6,STE,STE7,,P52564,P52564_MAP2K6
MAP3K1,MAP3K1,MAP3K1,Mitogen-activated protein kinase kinase kinase 1,STE,STE11,,Q13233,Q13233_MAP3K1
MAP3K2,MAP3K2,MAP3K2,Mitogen-activated protein kinase kinase kinase 2,STE,STE11,,Q9Y2U5,Q9Y2U5_MAP3K2
MAP3K3,MAP3K3,MAP3K3,Mitogen-activated protein kinase kinase kinase 3,STE,STE11,,Q99759,Q99759_MAP3K3
MAP3K4,MAP3K4,MAP3K4,Mitogen-activated protein kinase kinase kinase 4,STE,STE11,,Q9Y6R4,Q9Y6R4_MAP3K4
MAP3K5,MAP3K5,MAP3K5,Mitogen-activated protein kinase kinase kinase 5,STE,STE11,,Q99683,Q99683_MAP3K5
MER,MER,MERTK,Tyrosine-protein kinase Mer,TK,Axl,,Q12866,Q12866_MER
MET,MET,MET,Hepatocyte growth factor receptor,TK,Met,,P08581,P08581_MET
MISR2,MISR2,AMHR2,Anti-Muellerian hormone type-2 receptor,TKL,STKR,STKR2,Q16671,Q16671_MISR2
MAP2K7,MAP2K7,MAP2K7,Dual specificity mitogen-activated protein kinase kinase 7,STE,STE7,,O14733,O14733_MAP2K7
smMLCK,smMLCK,MYLK,Myosin light chain kinase,CAMK,MLCK,,Q15746,Q15746_smMLCK
MLK1,MLK1,MAP3K9,Mitogen-activated protein kinase kinase kinase 9,TKL,MLK,MLK,P80192,P80192_MLK1
MLK2,MLK2,MAP3K10,Mitogen-activated protein kinase kinase kinase 10,TKL,MLK,MLK,Q02779,Q02779_MLK2
DYRK1A,DYRK1A,DYRK1A,Dual specificity tyrosine-phosphorylation-regulated kinase 1A,CMGC,DYRK,DYRK1,Q13627,Q13627_DYRK1A
MNK1,MNK1,MKNK1,MAP kinase-interacting serine/threonine-protein kinase 1,CAMK,MAPKAPK,MNK,Q9BUB5,Q9BUB5_MNK1
MNK2,MNK2,MKNK2,MAP kinase-interacting serine/threonine-protein kinase 2,CAMK,MAPKAPK,MNK,Q9HBH9,Q9HBH9_MNK2
MOS,MOS,MOS,Proto-oncogene serine/threonine-protein kinase mos,Other,MOS,,P00540,P00540_MOS
MAP2K3,MAP2K3,MAP2K3,Dual specificity mitogen-activated protein kinase kinase 3,STE,STE7,,P46734,P46734_MAP2K3
MAP2K4,MAP2K4,MAP2K4,Dual specificity mitogen-activated protein kinase kinase 4,STE,STE7,,P45985,P45985_MAP2K4
MRCKb,MRCKb,CDC42BPB,Serine/threonine-protein kinase MRCK beta,AGC,DMPK,GEK,Q9Y5S2,Q9Y5S2_MRCKb
MSK1,MSK1,RPS6KA5,Ribosomal protein S6 kinase alpha-5,AGC,RSK,MSK,O75582,O75582_MSK1
MSK2,MSK2,RPS6KA4,Ribosomal protein S6 kinase alpha-4,AGC,RSK,MSK,O75676,O75676_MSK2
MST1,MST1,STK4,Serine/threonine-protein kinase 4,STE,STE20,MST,Q13043,Q13043_MST1
MST2,MST2,STK3,Serine/threonine-protein kinase 3,STE,STE20,MST,Q13188,Q13188_MST2
MST3,MST3,STK24,Serine/threonine-protein kinase 24,STE,STE20,YSK,Q9Y6E0,Q9Y6E0_MST3
MUSK,MUSK,MUSK,Muscle,TK,Musk,,O15146,O15146_MUSK
MYT1,MYT1,PKMYT1,Membrane-associated tyrosine- and threonine-specific cdc2-inhibitory kinase,Other,WEE,,Q99640,Q99640_MYT1
NDR1,NDR1,STK38,Serine/threonine-protein kinase 38,AGC,NDR,,Q15208,Q15208_NDR1
NEK1,NEK1,NEK1,Serine/threonine-protein kinase Nek1,Other,NEK,,Q96PY6,Q96PY6_NEK1
NEK2,NEK2,NEK2,Serine/threonine-protein kinase Nek2,Other,NEK,,P51955,P51955_NEK2
NEK3,NEK3,NEK3,Serine/threonine-protein kinase Nek3,Other,NEK,,P51956,P51956_NEK3
NIK,NIK,MAP3K14,Mitogen-activated protein kinase kinase kinase 14,STE,STE-Unique,,Q99558,Q99558_NIK
NLK,NLK,NLK,Serine/threonine-protein kinase NLK,CMGC,MAPK,nmo,Q9UBE8,Q9UBE8_NLK
NEK4,NEK4,NEK4,Serine/threonine-protein kinase Nek4,Other,NEK,,P51957,P51957_NEK4
IRAK4,IRAK4,IRAK4,Interleukin-1 receptor-associated kinase 4,TKL,IRAK,,Q9NWZ3,Q9NWZ3_IRAK4
PIK3R4,PIK3R4,PIK3R4,Phosphoinositide 3-kinase regulatory subunit 4,Other,VPS15,,Q99570,Q99570_PIK3R4
ROCK2,ROCK2,ROCK2,Rho-associated protein kinase 2,AGC,DMPK,ROCK,O75116,O75116_ROCK2
p38a,p38a,MAPK14,Mitogen-activated protein kinase 14,CMGC,MAPK,p38,Q16539,Q16539_p38a
p70S6K,p70S6K,RPS6KB1,Ribosomal protein S6 kinase beta-1,AGC,RSK,RSKp70,P23443,P23443_p70S6K
p70S6Kb,p70S6Kb,RPS6KB2,Ribosomal protein S6 kinase beta-2,AGC,RSK,RSKp70,Q9UBS0,Q9UBS0_p70S6Kb
PAK1,PAK1,PAK1,Serine/threonine-protein kinase PAK 1,STE,STE20,PAKA,Q13153,Q13153_PAK1
PAK2,PAK2,PAK2,Serine/threonine-protein kinase PAK 2,STE,STE20,PAKA,Q13177,Q13177_PAK2
PAK3,PAK3,PAK3,Serine/threonine-protein kinase PAK 3,STE,STE20,PAKA,O75914,O75914_PAK3
PKCh,PKCh,PRKCH,Protein kinase C eta type,AGC,PKC,PKCh,P24723,P24723_PKCh
PCTAIRE1,PCTAIRE1,CDK16,Cyclin-dependent kinase 16,CMGC,CDK,PCTAIRE,Q00536,Q00536_PCTAIRE1
PCTAIRE2,PCTAIRE2,CDK17,Cyclin-dependent kinase 17,CMGC,CDK,PCTAIRE,Q00537,Q00537_PCTAIRE2
PCTAIRE3,PCTAIRE3,CDK18,Cyclin-dependent kinase 18,CMGC,CDK,PCTAIRE,Q07002,Q07002_PCTAIRE3
PDGFRa,PDGFRa,PDGFRA,Platelet-derived growth factor receptor alpha,TK,PDGFR,,P16234,P16234_PDGFRa
PDGFRb,PDGFRb,PDGFRB,Platelet-derived growth factor receptor beta,TK,PDGFR,,P09619,P09619_PDGFRb
PDK1,PDK1,PDPK1,3-phosphoinositide-dependent protein kinase 1,AGC,PDK1,,O15530,O15530_PDK1
PDHK1,PDHK1,PDK1,[Pyruvate dehydrogenase [lipoamide]] kinase isozyme 1,Atypical,PDHK,,Q15118,Q15118_PDHK1
PDHK2,PDHK2,PDK2,[Pyruvate dehydrogenase [lipoamide]] kinase isozyme 2,Atypical,PDHK,,Q15119,Q15119_PDHK2
PDHK3,PDHK3,PDK3,[Pyruvate dehydrogenase [lipoamide]] kinase isozyme 3,Atypical,PDHK,,Q15120,Q15120_PDHK3
PDHK4,PDHK4,PDK4,[Pyruvate dehydrogenase [lipoamide]] kinase isozyme 4,Atypical,PDHK,,Q16654,Q16654_PDHK4
PEK,PEK,EIF2AK3,Eukaryotic translation initiation factor 2-alpha kinase 3,Other,PEK,PEK,Q9NZJ5,Q9NZJ5_PEK
PFTAIRE1,PFTAIRE1,CDK14,Cyclin-dependent kinase 14,CMGC,CDK,PFTAIRE,O94921,O94921_PFTAIRE1
PHKg1,PHKg1,PHKG1,Phosphorylase b kinase gamma catalytic chain,CAMK,PHK,,Q16816,Q16816_PHKg1
PHKg2,PHKg2,PHKG2,Phosphorylase b kinase gamma catalytic chain,CAMK,PHK,,P15735,P15735_PHKg2
PIM1,PIM1,PIM1,Serine/threonine-protein kinase pim-1,CAMK,PIM,,P11309,P11309_PIM1
PIM2,PIM2,PIM2,Serine/threonine-protein kinase pim-2,CAMK,PIM,,Q9P1W9,Q9P1W9_PIM2
CDK10,CDK10,CDK10,Cyclin-dependent kinase 10,CMGC,CDK,CDK10,Q15131,Q15131_CDK10
CDK9,CDK9,CDK9,Cyclin-dependent kinase 9,CMGC,CDK,CDK9,P50750,P50750_CDK9
PITSLRE,PITSLRE,CDK11B,Cyclin-dependent kinase 11B,CMGC,CDK,CDK11,P21127,P21127_PITSLRE
MELK,MELK,MELK,Maternal embryonic leucine zipper kinase,CAMK,CAMKL,MELK,Q14680,Q14680_MELK
MRCKa,MRCKa,CDC42BPA,Serine/threonine-protein kinase MRCK alpha,AGC,DMPK,GEK,Q5VT25,Q5VT25_MRCKa
PKACa,PKACa,PRKACA,cAMP-dependent protein kinase catalytic subunit alpha,AGC,PKA,,P17612,P17612_PKACa
PKACb,PKACb,PRKACB,cAMP-dependent protein kinase catalytic subunit beta,AGC,PKA,,P22694,P22694_PKACb
PKACg,PKACg,PRKACG,cAMP-dependent protein kinase catalytic subunit gamma,AGC,PKA,,P22612,P22612_PKACg
PKCa,PKCa,PRKCA,Protein kinase C alpha type,AGC,PKC,PKCa,P17252,P17252_PKCa
PKCb,PKCb,PRKCB,Protein kinase C beta type,AGC,PKC,PKCa,P05771,P05771_PKCb
PKCd,PKCd,PRKCD,Protein kinase C delta type,AGC,PKC,PKCd,Q05655,Q05655_PKCd
PKCe,PKCe,PRKCE,Protein kinase C epsilon type,AGC,PKC,PKCh,Q02156,Q02156_PKCe
PKCg,PKCg,PRKCG,Protein kinase C gamma type,AGC,PKC,PKCa,P05129,P05129_PKCg
PKCi,PKCi,PRKCI,Protein kinase C iota type,AGC,PKC,PKCi,P41743,P41743_PKCi
PKD1,PKD1,PRKD1,Serine/threonine-protein kinase D1,CAMK,PKD,,Q15139,Q15139_PKD1
PKCt,PKCt,PRKCQ,Protein kinase C theta type,AGC,PKC,PKCd,Q04759,Q04759_PKCt
PKCz,PKCz,PRKCZ,Protein kinase C zeta type,AGC,PKC,PKCi,Q05513,Q05513_PKCz
PRKX,PRKX,PRKX,cAMP-dependent protein kinase catalytic subunit PRKX,AGC,PKA,,P51817,P51817_PRKX
HIPK3,HIPK3,HIPK3,Homeodomain-interacting protein kinase 3,CMGC,DYRK,HIPK,Q9H422,Q9H422_HIPK3
PLK1,PLK1,PLK1,Serine/threonine-protein kinase PLK1,Other,PLK,,P53350,P53350_PLK1
PLK3,PLK3,PLK3,Serine/threonine-protein kinase PLK3,Other,PLK,,Q9H4B4,Q9H4B4_PLK3
PKN1,PKN1,PKN1,Serine/threonine-protein kinase N1,AGC,PKN,,Q16512,Q16512_PKN1
PKN2,PKN2,PKN2,Serine/threonine-protein kinase N2,AGC,PKN,,Q16513,Q16513_PKN2
PRKY,PRKY,PRKY,Serine/threonine-protein kinase PRKY,AGC,PKA,,O43930,O43930_PRKY
PRP4,PRP4,PRPF4B,Serine/threonine-protein kinase PRP4 homolog,CMGC,DYRK,PRP4,Q13523,Q13523_PRP4
PSKH1,PSKH1,PSKH1,Serine/threonine-protein kinase H1,CAMK,PSK,,P11801,P11801_PSKH1
RAF1,RAF1,RAF1,RAF proto-oncogene serine/threonine-protein kinase,TKL,RAF,,P04049,P04049_RAF1
RET,RET,RET,Proto-oncogene tyrosine-protein kinase receptor Ret,TK,Ret,,P07949,P07949_RET
RHOK,RHOK,GRK1,Rhodopsin kinase,AGC,GRK,GRK,Q15835,Q15835_RHOK
RIPK1,RIPK1,RIPK1,Receptor-interacting serine/threonine-protein kinase 1,TKL,RIPK,,Q13546,Q13546_RIPK1
RIPK2,RIPK2,RIPK2,Receptor-interacting serine/threonine-protein kinase 2,TKL,RIPK,,O43353,O43353_RIPK2
RIPK3,RIPK3,RIPK3,Receptor-interacting serine/threonine-protein kinase 3,TKL,RIPK,,Q9Y572,Q9Y572_RIPK3
ROCK1,ROCK1,ROCK1,Rho-associated protein kinase 1,AGC,DMPK,ROCK,Q13464,Q13464_ROCK1
RON,RON,MST1R,Macrophage-stimulating protein receptor,TK,Met,,Q04912,Q04912_RON
ROR1,ROR1,ROR1,Tyrosine-protein kinase transmembrane receptor ROR1,TK,Ror,,Q01973,Q01973_ROR1
ROR2,ROR2,ROR2,Tyrosine-protein kinase transmembrane receptor ROR2,TK,Ror,,Q01974,Q01974_ROR2
ROS,ROS,ROS1,Proto-oncogene tyrosine-protein kinase ROS,TK,Sev,,P08922,P08922_ROS
RSK3,RSK1,RPS6KA2,Ribosomal protein S6 kinase alpha-2,AGC,RSK,RSKp90,Q15349,Q15349_RSK3
RSK2,RSK2,RPS6KA3,Ribosomal protein S6 kinase alpha-3,AGC,RSK,RSKp90,P51812,P51812_RSK2
RSK1,RSK3,RPS6KA1,Ribosomal protein S6 kinase alpha-1,AGC,RSK,RSKp90,Q15418,Q15418_RSK1
RYK,RYK,RYK,Tyrosine-protein kinase RYK,TK,Ryk,,P34925,P34925_RYK
PLK4,PLK4,PLK4,Serine/threonine-protein kinase PLK4,Other,PLK,,O00444,O00444_PLK4
p38b,p38b,MAPK11,Mitogen-activated protein kinase 11,CMGC,MAPK,p38,Q15759,Q15759_p38b
p38g,p38g,MAPK12,Mitogen-activated protein kinase 12,CMGC,MAPK,p38,P53778,P53778_p38g
p38d,p38d,MAPK13,Mitogen-activated protein kinase 13,CMGC,MAPK,p38,O15264,O15264_p38d
MAST1,MAST1,MAST1,Microtubule-associated serine/threonine-protein kinase 1,AGC,MAST,,Q9Y2H9,Q9Y2H9_MAST1
SGK1,SGK,SGK1,Serine/threonine-protein kinase Sgk1,AGC,SGK,,O00141,O00141_SGK1
SLK,SLK,SLK,STE20-like serine/threonine-protein kinase,STE,STE20,SLK,Q9H2G2,Q9H2G2_SLK
PLK2,PLK2,PLK2,Serine/threonine-protein kinase PLK2,Other,PLK,,Q9NYY3,Q9NYY3_PLK2
MLK3,MLK3,MAP3K11,Mitogen-activated protein kinase kinase kinase 11,TKL,MLK,MLK,Q16584,Q16584_MLK3
SRC,SRC,SRC,Proto-oncogene tyrosine-protein kinase Src,TK,Src,,P12931,P12931_SRC
SRPK1,SRPK1,SRPK1,SRSF protein kinase 1,CMGC,SRPK,,Q96SB4,Q96SB4_SRPK1
SRPK2,SRPK2,SRPK2,SRSF protein kinase 2,CMGC,SRPK,,P78362,P78362_SRPK2
CDKL5,CDKL5,CDKL5,Cyclin-dependent kinase-like 5,CMGC,CDKL,,O76039,O76039_CDKL5
TAO2,TAO2,TAOK2,Serine/threonine-protein kinase TAO2,STE,STE20,TAO,Q9UL54,Q9UL54_TAO2
SYK,SYK,SYK,Tyrosine-protein kinase SYK,TK,Syk,,P43405,P43405_SYK
TAK1,TAK1,MAP3K7,Mitogen-activated protein kinase kinase kinase 7,TKL,MLK,TAK1,O43318,O43318_TAK1
BMPR2,BMPR2,BMPR2,Bone morphogenetic protein receptor type-2,TKL,STKR,STKR2,Q13873,Q13873_BMPR2
TEC,TEC,TEC,Tyrosine-protein kinase Tec,TK,Tec,,P42680,P42680_TEC
TIE2,TIE2,TEK,Angiopoietin-1 receptor,TK,Tie,,Q02763,Q02763_TIE2
TESK1,TESK1,TESK1,Dual specificity testis-specific protein kinase 1,TKL,LISK,TESK,Q15569,Q15569_TESK1
TGFbR2,TGFbR2,TGFBR2,TGF-beta receptor type-2,TKL,STKR,STKR2,P37173,P37173_TGFbR2
TIE1,TIE1,TIE1,Tyrosine-protein kinase receptor Tie-1,TK,Tie,,P35590,P35590_TIE1
TTN,TTN,TTN,Titin,CAMK,MLCK,,Q8WZ42,Q8WZ42_TTN
TLK1,TLK1,TLK1,Serine/threonine-protein kinase tousled-like 1,Other,TLK,,Q9UKI8,Q9UKI8_TLK1
TLK2,TLK2,TLK2,Serine/threonine-protein kinase tousled-like 2,Other,TLK,,Q86UE8,Q86UE8_TLK2
TNK1,TNK1,TNK1,Non-receptor tyrosine-protein kinase TNK1,TK,Ack,,Q13470,Q13470_TNK1
Trio,Trio,TRIO,Triple functional domain protein,CAMK,Trio,,O75962,O75962_Trio
TRKA,TRKA,NTRK1,High affinity nerve growth factor receptor,TK,Trk,,P04629,P04629_TRKA
TRKB,TRKB,NTRK2,BDNF/NT-3 growth factors receptor,TK,Trk,,Q16620,Q16620_TRKB
TRKC,TRKC,NTRK3,NT-3 growth factor receptor,TK,Trk,,Q16288,Q16288_TRKC
TRRAP,TRRAP,TRRAP,Transformation/transcription domain-associated protein,Atypical,PIKK,TRRAP,Q9Y4A5,Q9Y4A5_TRRAP
TTK,TTK,TTK,Dual specificity protein kinase TTK,Other,TTK,,P33981,P33981_TTK
TXK,TXK,TXK,Tyrosine-protein kinase TXK,TK,Tec,,P42681,P42681_TXK
TYK2,TYK2,TYK2,Non-receptor tyrosine-protein kinase TYK2,TK,Jak,,P29597,P29597_TYK2
TYRO3,TYRO3,TYRO3,Tyrosine-protein kinase receptor TYRO3,TK,Axl,,Q06418,Q06418_TYRO3
ULK1,ULK1,ULK1,Serine/threonine-protein kinase ULK1,Other,ULK,,O75385,O75385_ULK1
ULK2,ULK2,ULK2,Serine/threonine-protein kinase ULK2,Other,ULK,,Q8IYT8,Q8IYT8_ULK2
VRK1,VRK1,VRK1,Serine/threonine-protein kinase VRK1,CK1,VRK,,Q99986,Q99986_VRK1
VRK2,VRK2,VRK2,Serine/threonine-protein kinase VRK2,CK1,VRK,,Q86Y07,Q86Y07_VRK2
Wee1,Wee1,WEE1,Wee1-like protein kinase,Other,WEE,,P30291,P30291_Wee1
YES,YES,YES1,Tyrosine-protein kinase Yes,TK,Src,,P07947,P07947_YES
YSK1,YSK1,STK25,Serine/threonine-protein kinase 25,STE,STE20,YSK,O00506,O00506_YSK1
ZAP70,ZAP70,ZAP70,Tyrosine-protein kinase ZAP-70,TK,Syk,,P43403,P43403_ZAP70
LZK,LZK,MAP3K13,Mitogen-activated protein kinase kinase kinase 13,TKL,MLK,LZK,O43283,O43283_LZK
DDR1,DDR1,DDR1,Epithelial discoidin domain-containing receptor 1,TK,DDR,,Q08345,Q08345_DDR1
ADCK1,ADCK1,ADCK1,Uncharacterized aarF domain-containing protein kinase 1,Atypical,ABC1,ABC1-B,Q86TW2,Q86TW2_ADCK1
KDR,KDR,KDR,Vascular endothelial growth factor receptor 2,TK,VEGFR,,P35968,P35968_KDR
ALK7,ALK7,ACVR1C,Activin receptor type-1C,TKL,STKR,STKR1,Q8NER5,Q8NER5_ALK7
AurB,AurB,AURKB,Aurora kinase B,Other,Aur,,Q96GD4,Q96GD4_AurB
AurA,AurA,AURKA,Aurora kinase A,Other,Aur,,O14965,O14965_AurA
Erk5,Erk5,MAPK7,Mitogen-activated protein kinase 7,CMGC,MAPK,ERK5,Q13164,Q13164_Erk5
BUB1,BUB1,BUB1,Mitotic checkpoint serine/threonine-protein kinase BUB1,Other,BUB,,O43683,O43683_BUB1
DDR2,DDR2,DDR2,Discoidin domain-containing receptor 2,TK,DDR,,Q16832,Q16832_DDR2
CCK4,CCK4,PTK7,Inactive tyrosine-protein kinase 7,TK,CCK4,,Q13308,Q13308_CCK4
LIMK1,LIMK1,LIMK1,LIM domain kinase 1,TKL,LISK,LIMK,P53667,P53667_LIMK1
LMR1,LMR1,AATK,Serine/threonine-protein kinase LMTK1,TK,Lmr,,Q6ZMQ8,Q6ZMQ8_LMR1
LMR2,LMR2,LMTK2,Serine/threonine-protein kinase LMTK2,TK,Lmr,,Q8IWU2,Q8IWU2_LMR2
LMR3,LMR3,LMTK3,Serine/threonine-protein kinase LMTK3,TK,Lmr,,Q96Q04,Q96Q04_LMR3
EphA7,EphA7,EPHA7,Ephrin type-A receptor 7,TK,Eph,,Q15375,Q15375_EphA7
BMX,BMX,BMX,Cytoplasmic tyrosine-protein kinase BMX,TK,Tec,,P51813,P51813_BMX
CTK,CTK,MATK,Megakaryocyte-associated tyrosine-protein kinase,TK,Csk,,P42679,P42679_CTK
FRK,FRK,FRK,Tyrosine-protein kinase FRK,TK,Src,,P42685,P42685_FRK
NEK6,NEK6,NEK6,Serine/threonine-protein kinase Nek6,Other,NEK,,Q9HC98,Q9HC98_NEK6
NEK7,NEK7,NEK7,Serine/threonine-protein kinase Nek7,Other,NEK,,Q8TDX7,Q8TDX7_NEK7
AAK1,AAK1,AAK1,AP2-associated protein kinase 1,Other,NAK,,Q2M2I8,Q2M2I8_AAK1
ChaK1,ChaK1,TRPM7,Transient receptor potential cation channel subfamily M member 7,Atypical,Alpha,ChaK,Q96QT4,Q96QT4_ChaK1
PYK2,PYK2,PTK2B,Protein-tyrosine kinase 2-beta,TK,FAK,,Q14289,Q14289_PYK2
SRM,SRM,SRMS,Tyrosine-protein kinase Srms,TK,Src,,Q9H3Y6,Q9H3Y6_SRM
LOK,LOK,STK10,Serine/threonine-protein kinase 10,STE,STE20,SLK,O94804,O94804_LOK
KHS2,KHS2,MAP4K3,Mitogen-activated protein kinase kinase kinase kinase 3,STE,STE20,KHS,Q8IVH8,Q8IVH8_KHS2
OSR1,OSR1,OXSR1,Serine/threonine-protein kinase OSR1,STE,STE20,FRAY,O95747,O95747_OSR1
PAK6,PAK6,PAK6,Serine/threonine-protein kinase PAK 6,STE,STE20,PAKB,Q9NQU5,Q9NQU5_PAK6
PAK4,PAK4,PAK4,Serine/threonine-protein kinase PAK 4,STE,STE20,PAKB,O96013,O96013_PAK4
MST4,MST4,STK26,Serine/threonine-protein kinase MST4,STE,STE20,YSK,Q9P289,Q9P289_MST4
STLK3,STLK3,STK39,STE20/SPS1-related proline-alanine-rich protein kinase,STE,STE20,FRAY,Q9UEW8,Q9UEW8_STLK3
STLK5,STLK5,STRADA,STE20-related kinase adapter protein alpha,STE,STE20,STLK,Q7RTN6,Q7RTN6_STLK5
STLK6,STLK6,STRADB,STE20-related kinase adapter protein beta,STE,STE20,STLK,Q9C0K7,Q9C0K7_STLK6
TAO3,TAO3,TAOK3,Serine/threonine-protein kinase TAO3,STE,STE20,TAO,Q9H2K8,Q9H2K8_TAO3
TAO1,TAO1,TAOK1,Serine/threonine-protein kinase TAO1,STE,STE20,TAO,Q7L7X3,Q7L7X3_TAO1
HGK,ZC1/HGK,MAP4K4,Mitogen-activated protein kinase kinase kinase kinase 4,STE,STE20,MSN,O95819,O95819_HGK
TNIK,ZC2/TNIK,TNIK,TRAF2 and NCK-interacting protein kinase,STE,STE20,MSN,Q9UKE5,Q9UKE5_TNIK
MINK,ZC3/MINK,MINK1,Misshapen-like kinase 1,STE,STE20,MSN,Q8N4C8,Q8N4C8_MINK
NRK,ZC4/NRK,NRK,Nik-related protein kinase,STE,STE20,MSN,Q7Z2Y5,Q7Z2Y5_NRK
LATS1,LATS1,LATS1,Serine/threonine-protein kinase LATS1,AGC,NDR,,O95835,O95835_LATS1
LATS2,LATS2,LATS2,Serine/threonine-protein kinase LATS2,AGC,NDR,,Q9NRM7,Q9NRM7_LATS2
CDK11,CDK11,CDK19,Cyclin-dependent kinase 19,CMGC,CDK,CDK8,Q9BWU1,Q9BWU1_CDK11
NIM1,NIM1,NIM1K,Serine/threonine-protein kinase NIM1,CAMK,CAMKL,NIM1,Q8IY84,Q8IY84_NIM1
ULK3,ULK3,ULK3,Serine/threonine-protein kinase ULK3,Other,ULK,,Q6PHR2,Q6PHR2_ULK3
CLIK1L,CLIK1L,PDIK1L,Serine/threonine-protein kinase PDIK1L,Other,NKF4,,Q8N165,Q8N165_CLIK1L
TTBK2,TTBK2,TTBK2,Tau-tubulin kinase 2,CK1,TTBK,,Q6IQ55,Q6IQ55_TTBK2
SCYL1,SCYL1,SCYL1,N-terminal kinase-like protein,Other,SCY1,,Q96KG9,Q96KG9_SCYL1
MASTL,MASTL,MASTL,Serine/threonine-protein kinase greatwall,AGC,MAST,,Q96GX5,Q96GX5_MASTL
PINK1,PINK1,PINK1,Serine/threonine-protein kinase PINK1,Other,NKF2,,Q9BXM7,Q9BXM7_PINK1
ULK4,ULK4,ULK4,Serine/threonine-protein kinase ULK4,Other,ULK,,Q96C45,Q96C45_ULK4
MLKL,MLKL,MLKL,Mixed lineage kinase domain-like protein,TKL,TKL-Unique,,Q8NB16,Q8NB16_MLKL
DCAMKL3,DCAMKL3,DCLK3,Serine/threonine-protein kinase DCLK3,CAMK,DCAMKL,,Q9C098,Q9C098_DCAMKL3
SgK493,SgK493,PKDCC,Protein kinase domain-containing protein,Other,SgK493,,Q504Y2,Q504Y2_SgK493
PFTAIRE2,PFTAIRE2,CDK15,Cyclin-dependent kinase 15,CMGC,CDK,PFTAIRE,Q96Q40,Q96Q40_PFTAIRE2
STK33,STK33,STK33,Serine/threonine-protein kinase 33,CAMK,STK33,,Q9BYT3,Q9BYT3_STK33
PRPK,PRPK,TP53RK,TP53-regulating kinase,Other,Bud32,,Q96S44,Q96S44_PRPK
Erk7,Erk7,MAPK15,Mitogen-activated protein kinase 15,CMGC,MAPK,ERK7,Q8TD08,Q8TD08_Erk7
CDKL4,CDKL4,CDKL4,Cyclin-dependent kinase-like 4,CMGC,CDKL,,Q5MAI5,Q5MAI5_CDKL4
SCYL3,SCYL3,SCYL3,Protein-associating with the carboxyl-terminal domain of ezrin,Other,SCY1,,Q8IZE3,Q8IZE3_SCYL3
YANK3,YANK3,STK32C,Serine/threonine-protein kinase 32C,AGC,YANK,,Q86UX6,Q86UX6_YANK3
NEK9,NEK9,NEK9,Serine/threonine-protein kinase Nek9,Other,NEK,,Q8TD19,Q8TD19_NEK9
TSSK3,TSSK3,TSSK3,Testis-specific serine/threonine-protein kinase 3,CAMK,TSSK,,Q96PN8,Q96PN8_TSSK3
NuaK2,NuaK2,NUAK2,NUAK family SNF1-like kinase 2,CAMK,CAMKL,NuaK,Q9H093,Q9H093_NuaK2
RSKL2,RSKL2,RPS6KL1,Ribosomal protein S6 kinase-like 1,AGC,RSKL,,Q9Y6S9,Q9Y6S9_RSKL2
TSSK2,TSSK2,TSSK2,Testis-specific serine/threonine-protein kinase 2,CAMK,TSSK,,Q96PF2,Q96PF2_TSSK2
SCYL2,SCYL2,SCYL2,SCY1-like protein 2,Other,SCY1,,Q6P3W7,Q6P3W7_SCYL2
NEK8,NEK8,NEK8,Serine/threonine-protein kinase Nek8,Other,NEK,,Q86SG6,Q86SG6_NEK8
BARK2,BARK2,ADRBK2,Beta-adrenergic receptor kinase 2,AGC,GRK,BARK,P35626,P35626_BARK2
NRBP1,NRBP1,NRBP1,Nuclear receptor-binding protein,Other,NRBP,,Q9UHY1,Q9UHY1_NRBP1
PKD2,PKD2,PRKD2,Serine/threonine-protein kinase D2,CAMK,PKD,,Q9BZL6,Q9BZL6_PKD2
YANK2,YANK2,STK32B,Serine/threonine-protein kinase 32B,AGC,YANK,,Q9NY57,Q9NY57_YANK2
CaMKK2,CaMKK2,CAMKK2,Calcium/calmodulin-dependent protein kinase kinase 2,Other,CAMKK,CAMKK-Meta,Q96RR4,Q96RR4_CaMKK2
CCRK,CCRK,CDK20,Cyclin-dependent kinase 20,CMGC,CDK,,Q8IZL9,Q8IZL9_CCRK
CLK4,CLK4,CLK4,Dual specificity protein kinase CLK4,CMGC,CLK,,Q9HAZ1,Q9HAZ1_CLK4
CRK7,CRK7,CDK12,Cyclin-dependent kinase 12,CMGC,CDK,CRK7,Q9NYV4,Q9NYV4_CRK7
DRAK1,DRAK1,STK17A,Serine/threonine-protein kinase 17A,CAMK,DAPK,,Q9UEE5,Q9UEE5_DRAK1
DRAK2,DRAK2,STK17B,Serine/threonine-protein kinase 17B,CAMK,DAPK,,O94768,O94768_DRAK2
DYRK3,DYRK3,DYRK3,Dual specificity tyrosine-phosphorylation-regulated kinase 3,CMGC,DYRK,DYRK2,O43781,O43781_DYRK3
PKD3,PKD3,PRKD3,Serine/threonine-protein kinase D3,CAMK,PKD,,O94806,O94806_PKD3
GCN2,GCN2,EIF2AK4,Eukaryotic translation initiation factor 2-alpha kinase 4,Other,PEK,GCN2,Q9P2K8,Q9P2K8_GCN2
SgK494,SgK494,,Uncharacterized serine/threonine-protein kinase SgK494,AGC,RSKR,,Q96LW2,Q96LW2_SgK494
SgK495,SgK495,STK40,Serine/threonine-protein kinase 40,CAMK,SgK495,,Q8N2I9,Q8N2I9_SgK495
CLIK1,CLIK1,STK35,Serine/threonine-protein kinase 35,Other,NKF4,,Q8TDR2,Q8TDR2_CLIK1
HH498,HH498,TNNI3K,Serine/threonine-protein kinase TNNI3K,TKL,MLK,HH498,Q59H18,Q59H18_HH498
HIPK2,HIPK2,HIPK2,Homeodomain-interacting protein kinase 2,CMGC,DYRK,HIPK,Q9H2X6,Q9H2X6_HIPK2
HRI,HRI,EIF2AK1,Eukaryotic translation initiation factor 2-alpha kinase 1,Other,PEK,,Q9BQI3,Q9BQI3_HRI
ICK,ICK,ICK,Serine/threonine-protein kinase ICK,CMGC,RCK,,Q9UPZ9,Q9UPZ9_ICK
IRE2,IRE2,ERN2,Serine/threonine-protein kinase/endoribonuclease IRE2,Other,IRE,,Q76MJ5,Q76MJ5_IRE2
PASK,PASK,PASK,PAS domain-containing serine/threonine-protein kinase,CAMK,CAMKL,PASK,Q96RG2,Q96RG2_PASK
NDR2,NDR2,STK38L,Serine/threonine-protein kinase 38-like,AGC,NDR,,Q9Y2H1,Q9Y2H1_NDR2
QSK,QSK,SIK3,Serine/threonine-protein kinase SIK3,CAMK,CAMKL,QIK,Q9Y2K2,Q9Y2K2_QSK
HUNK,HUNK,HUNK,Hormonally up-regulated neu tumor-associated kinase,CAMK,CAMKL,HUNK,P57058,P57058_HUNK
MAP3K6,MAP3K6,MAP3K6,Mitogen-activated protein kinase kinase kinase 6,STE,STE11,,O95382,O95382_MAP3K6
ZAK,ZAK,,Mitogen-activated protein kinase kinase kinase MLT,TKL,MLK,ZAK,Q9NYL2,Q9NYL2_ZAK
MOK,MOK,MOK,MAPK/MAK/MRK overlapping kinase,CMGC,RCK,,Q9UQ07,Q9UQ07_MOK
MPSK1,MPSK1,STK16,Serine/threonine-protein kinase 16,Other,NAK,,O75716,O75716_MPSK1
MSSK1,MSSK1,SRPK3,SRSF protein kinase 3,CMGC,SRPK,,Q9UPE1,Q9UPE1_MSSK1
Wnk1,Wnk1,WNK1,Serine/threonine-protein kinase WNK1,Other,WNK,,Q9H4A3,Q9H4A3_Wnk1
CDKL3,CDKL3,CDKL3,Cyclin-dependent kinase-like 3,CMGC,CDKL,,Q8IVW4,Q8IVW4_CDKL3
PAK5,PAK5,PAK7,Serine/threonine-protein kinase PAK 7,STE,STE20,PAKB,Q9P286,Q9P286_PAK5
PKN3,PKN3,PKN3,Serine/threonine-protein kinase N3,AGC,PKN,,Q6P5Z2,Q6P5Z2_PKN3
QIK,QIK,SIK2,Serine/threonine-protein kinase SIK2,CAMK,CAMKL,QIK,Q9H0K1,Q9H0K1_QIK
MARK4,MARK4,MARK4,MAP/microtubule affinity-regulating kinase 4,CAMK,CAMKL,MARK,Q96L34,Q96L34_MARK4
SgK496,SgK496,DSTYK,Dual serine/threonine and tyrosine protein kinase,Other,Dusty,,Q6XUX3,Q6XUX3_SgK496
RSKL1,RSKL1,RPS6KC1,Ribosomal protein S6 kinase delta-1,AGC,RSKL,,Q96S38,Q96S38_RSKL1
RSK4,RSK4,RPS6KA6,Ribosomal protein S6 kinase alpha-6,AGC,RSK,RSKp90,Q9UK32,Q9UK32_RSK4
NRBP2,NRBP2,NRBP2,Nuclear receptor-binding protein 2,Other,NRBP,,Q9NSY0,Q9NSY0_NRBP2
SgK071,SgK071,STKLD1,Protein kinase-like protein SgK071,Other,SgK071,,Q8NE28,Q8NE28_SgK071
SGK2,SGK2,SGK2,Serine/threonine-protein kinase Sgk2,AGC,SGK,,Q9HBY8,Q9HBY8_SGK2
SSTK,SSTK,TSSK6,Testis-specific serine/threonine-protein kinase 6,CAMK,TSSK,,Q9BXA6,Q9BXA6_SSTK
SGK3,SGK3,SGK3,Serine/threonine-protein kinase Sgk3,AGC,SGK,,Q96BR1,Q96BR1_SGK3
TTBK1,TTBK1,TTBK1,Tau-tubulin kinase 1,CK1,TTBK,,Q5TCY1,Q5TCY1_TTBK1
DCAMKL2,DCAMKL2,DCLK2,Serine/threonine-protein kinase DCLK2,CAMK,DCAMKL,,Q8N568,Q8N568_DCAMKL2
Slob,Slob,PXK,PX domain-containing protein kinase-like protein,Other,Slob,,Q7Z7A4,Q7Z7A4_Slob
PBK,PBK,PBK,Lymphokine-activated killer T-cell-originated protein kinase,Other,TOPK,,Q96KB5,Q96KB5_PBK
SuRTK106,SuRTK106,STYK1,Tyrosine-protein kinase STYK1,TK,TK-Unique,,Q6J9G0,Q6J9G0_SuRTK106
TBK1,TBK1,TBK1,Serine/threonine-protein kinase TBK1,Other,IKK,,Q9UHD2,Q9UHD2_TBK1
TESK2,TESK2,TESK2,Dual-specificity testis-specific protein kinase 2,TKL,LISK,TESK,Q96S53,Q96S53_TESK2
Trad,Trad,KALRN,HCG2039851,CAMK,Trio,,O60229,O60229_Trad
TSSK4,TSSK4,TSSK4,Testis-specific serine/threonine-protein kinase 4,CAMK,TSSK,,Q6SA08,Q6SA08_TSSK4
VRK3,VRK3,VRK3,Inactive serine/threonine-protein kinase VRK3,CK1,VRK,,Q8IV63,Q8IV63_VRK3
caMLCK,caMLCK,MYLK3,Myosin light chain kinase 3,CAMK,MLCK,,Q32MK0,Q32MK0_caMLCK
SPEG,SPEG,SPEG,Striated muscle preferentially expressed protein kinase,CAMK,Trio,,Q15772,Q15772_SPEG
CK1a2,CK1a2,CSNK1A1L,Casein kinase I isoform alpha-like,CK1,CK1,,Q8N752,Q8N752_CK1a2
ANKRD3,ANKRD3,RIPK4,Receptor-interacting serine/threonine-protein kinase 4,TKL,RIPK,,P57078,P57078_ANKRD3
NEK5,NEK5,NEK5,Serine/threonine-protein kinase Nek5,Other,NEK,,Q6P3R8,Q6P3R8_NEK5
CaMK1d,CaMK1d,CAMK1D,Calcium/calmodulin-dependent protein kinase type 1D,CAMK,CAMK1,,Q8IU85,Q8IU85_CaMK1d
MAP3K19,MAP3K8,MAP3K19,Mitogen-activated protein kinase kinase kinase 19,STE,STE11,,Q56UN5,Q56UN5_MAP3K19
NEK11,NEK11,NEK11,Serine/threonine-protein kinase Nek11,Other,NEK,,Q8NG66,Q8NG66_NEK11
GPRK7,GPRK7,GRK7,G protein-coupled receptor kinase 7,AGC,GRK,GRK,Q8WTQ7,Q8WTQ7_GPRK7
SgK069,SgK069,SBK2,Serine/threonine-protein kinase SBK2,Other,NKF1,,P0C263,P0C263_SgK069
HIPK4,HIPK4,HIPK4,Homeodomain-interacting protein kinase 4,CMGC,DYRK,HIPK,Q8NE63,Q8NE63_HIPK4
MYO3B,MYO3B,MYO3B,Myosin-IIIb,STE,STE20,NinaC,Q8WXR4,Q8WXR4_MYO3B
Wnk4,Wnk4,WNK4,Serine/threonine-protein kinase WNK4,Other,WNK,,Q96J92,Q96J92_Wnk4
SgK110,SgK110,SBK3,Putative uncharacterized serine/threonine-protein kinase SgK110,Other,NKF1,,P0C264,P0C264_SgK110
BRSK1,BRSK1,BRSK1,Serine/threonine-protein kinase BRSK1,CAMK,CAMKL,BRSK,Q8TDC3,Q8TDC3_BRSK1
Obscn,Obscn,OBSCN,Obscurin,CAMK,Trio,,Q5VST9,Q5VST9_Obscn
PSKH2,PSKH2,PSKH2,Serine/threonine-protein kinase H2,CAMK,PSK,,Q96QS6,Q96QS6_PSKH2
SIK,SIK,SIK1,Serine/threonine-protein kinase SIK1,CAMK,CAMKL,QIK,P57059,P57059_SIK
KSR2,KSR2,KSR2,Kinase suppressor of Ras 2,TKL,RAF,,Q6VAB6,Q6VAB6_KSR2
RIOK3,RIOK3,RIOK3,Serine/threonine-protein kinase RIO3,Atypical,RIO,RIO3,O14730,O14730_RIOK3
ADCK3,ADCK3,ADCK3,Chaperone activity of bc1 complex-like,Atypical,ABC1,ABC1-A,Q8NI60,Q8NI60_ADCK3
RIOK1,RIOK1,RIOK1,Serine/threonine-protein kinase RIO1,Atypical,RIO,RIO1,Q9BRS2,Q9BRS2_RIOK1
YANK1,YANK1,STK32A,Serine/threonine-protein kinase 32A,AGC,YANK,,Q8WU08,Q8WU08_YANK1
SNRK,SNRK,SNRK,SNF-related serine/threonine-protein kinase,CAMK,CAMKL,SNRK,Q9NRH2,Q9NRH2_SNRK
EphA10,EphA10,EPHA10,Ephrin type-A receptor 10,TK,Eph,,Q5JZY3,Q5JZY3_EphA10
SgK196,SgK196,POMK,Protein kinase-like protein SgK196,Other,Other-Unique,,Q9H5K3,Q9H5K3_SgK196
MYO3A,MYO3A,MYO3A,Myosin-IIIa,STE,STE20,NinaC,Q8NEV4,Q8NEV4_MYO3A
Wnk3,Wnk3,WNK3,Serine/threonine-protein kinase WNK3,Other,WNK,,Q9BYP7,Q9BYP7_Wnk3
SgK223,SgK223,,Tyrosine-protein kinase SgK223,Other,NKF3,,Q86YV5,Q86YV5_SgK223
NEK10,NEK10,NEK10,Serine/threonine-protein kinase Nek10,Other,NEK,,Q6ZWH5,Q6ZWH5_NEK10
EphA6,EphA6,EPHA6,Ephrin type-A receptor 6,TK,Eph,,Q9UF33,Q9UF33_EphA6
CK1g1,CK1g1,CSNK1G1,Casein kinase I isoform gamma-1,CK1,CK1,,Q9HCP0,Q9HCP0_CK1g1
SgK269,SgK269,PEAK1,Pseudopodium-enriched atypical kinase 1,Other,NKF3,,Q9H792,Q9H792_SgK269
SBK,SBK,SBK1,Serine/threonine-protein kinase SBK1,Other,NKF1,,Q52WX2,Q52WX2_SBK
SgK396,SgK396,STK31,Serine/threonine-protein kinase 31,Other,Other-Unique,,Q9BXU1,Q9BXU1_SgK396
SgK288,SgK288,ANKK1,Ankyrin repeat and protein kinase domain-containing protein 1,TKL,RIPK,,Q8NFD2,Q8NFD2_SgK288
KIS,KIS,UHMK1,Serine/threonine-protein kinase Kist,Other,KIS,,Q8TAS1,Q8TAS1_KIS
CaMK1b,CaMK1b,PNCK,Calcium/calmodulin-dependent protein kinase type 1B,CAMK,CAMK1,,Q6P2M8,Q6P2M8_CaMK1b
TBCK,TBCK,TBCK,TBC domain-containing protein kinase-like protein,Other,TBCK,,Q8TEA7,Q8TEA7_TBCK
SMG1,SMG1,SMG1,Serine/threonine-protein kinase SMG1,Atypical,PIKK,SMG1,Q96Q15,Q96Q15_SMG1
skMLCK,skMLCK,MYLK2,Myosin light chain kinase 2,CAMK,MLCK,,Q9H1R3,Q9H1R3_skMLCK
MAP3K7,MAP3K7,MAP3K15,Mitogen-activated protein kinase kinase kinase 15,STE,STE11,,Q6ZN16,Q6ZN16_MAP3K7
LRRK2,LRRK2,LRRK2,Leucine-rich repeat serine/threonine-protein kinase 2,TKL,LRRK,,Q5S007,Q5S007_LRRK2
MLK4,MLK4,,Mitogen-activated protein kinase kinase kinase MLK4,TKL,MLK,MLK,Q5TCX8,Q5TCX8_MLK4
Haspin,Haspin,GSG2,Serine/threonine-protein kinase haspin,Other,Haspin,,Q8TF76,Q8TF76_Haspin
Trb3,Trb3,TRIB3,Tribbles homolog 3,CAMK,Trbl,,Q96RU7,Q96RU7_Trb3
CRIK,CRIK,CIT,Citron Rho-interacting kinase,AGC,DMPK,,O14578,O14578_CRIK
CaMKK1,CaMKK1,CAMKK1,Calcium/calmodulin-dependent protein kinase kinase 1,Other,CAMKK,CAMKK-Meta,Q8N5S9,Q8N5S9_CaMKK1
LRRK1,LRRK1,LRRK1,Leucine-rich repeat serine/threonine-protein kinase 1,TKL,LRRK,,Q38SD2,Q38SD2_LRRK1
SgK307,SgK307,TEX14,Inactive serine/threonine-protein kinase TEX14,Other,NKF5,,Q8IWB6,Q8IWB6_SgK307
MAST4,MAST4,MAST4,Microtubule-associated serine/threonine-protein kinase 4,AGC,MAST,,O15021,O15021_MAST4
CaMK2d,CaMK2d,CAMK2D,Calcium/calmodulin-dependent protein kinase type II subunit delta,CAMK,CAMK2,,Q13557,Q13557_CaMK2d
BIKE,BIKE,BMP2K,BMP-2-inducible protein kinase,Other,NAK,,Q9NSY1,Q9NSY1_BIKE
TSSK1,TSSK1,TSSK1B,Testis-specific serine/threonine-protein kinase 1,CAMK,TSSK,,Q9BXA7,Q9BXA7_TSSK1
SgK424,SgK424,TEX14,Inactive serine/threonine-protein kinase TEX14,Other,NKF5,,Q8IWB6,Q8IWB6_SgK424
SgK085,SgK085,MYLK4,Myosin light chain kinase family member 4,CAMK,MLCK,,Q86YV6,Q86YV6_SgK085
ADCK2,ADCK2,ADCK2,Uncharacterized aarF domain-containing protein kinase 2,Atypical,ABC1,ABC1-C,Q7Z695,Q7Z695_ADCK2
DAPK3,DAPK3,DAPK3,Death-associated protein kinase 3,CAMK,DAPK,,O43293,O43293_DAPK3
Wee1B,Wee1B,WEE2,Wee1-like protein kinase 2,Other,WEE,,P0C1S8,P0C1S8_Wee1B
RNAseL,RNAseL,RNASEL,2-5A-dependent ribonuclease,Other,Other-Unique,,Q05823,Q05823_RNAseL
ChaK2,ChaK2,TRPM6,Transient receptor potential cation channel subfamily M member 6,Atypical,Alpha,ChaK,Q9BX84,Q9BX84_ChaK2
RIOK2,RIOK2,RIOK2,Serine/threonine-protein kinase RIO2,Atypical,RIO,RIO2,Q9BVS4,Q9BVS4_RIOK2
AlphaK2,AlphaK2,ALPK2,Alpha-protein kinase 2,Atypical,Alpha,,Q86TB3,Q86TB3_AlphaK2
AlphaK3,AlphaK3,ALPK1,Alpha-protein kinase 1,Atypical,Alpha,,Q96QP1,Q96QP1_AlphaK3
BRD2,BRD2,BRD2,Bromodomain-containing protein 2,Atypical,BRD,,P25440,P25440_BRD2
BRD3,BRD3,BRD3,Bromodomain-containing protein 3,Atypical,BRD,,Q15059,Q15059_BRD3
BRD4,BRD4,BRD4,BRD4 protein,Atypical,BRD,,O60885,O60885_BRD4
BRDT,BRDT,BRDT,Bromodomain testis-specific protein,Atypical,BRD,,Q58F21,Q58F21_BRDT
AlphaK1,AlphaK1,ALPK3,Alpha-protein kinase 3,Atypical,Alpha,,Q96L96,Q96L96_AlphaK1
ADCK5,ADCK5,ADCK5,Uncharacterized aarF domain-containing protein kinase 5,Atypical,ABC1,ABC1-D,Q3MIX3,Q3MIX3_ADCK5
TIF1a,TIF1a,TRIM24,Transcription intermediary factor 1-alpha,Atypical,TIF1,,O15164,O15164_TIF1a
TIF1b,TIF1b,TRIM28,Transcription intermediary factor 1-beta,Atypical,TIF1,,Q13263,Q13263_TIF1b
TIF1g,TIF1g,TRIM33,E3 ubiquitin-protein ligase TRIM33,Atypical,TIF1,,Q9UPN9,Q9UPN9_TIF1g
JAK1_b,Domain2_JAK1,JAK1,Tyrosine-protein kinase JAK1,TK,JakB,,P23458,P23458_JAK1_b
JAK2_b,Domain2_JAK2,JAK2,Tyrosine-protein kinase JAK2,TK,JakB,,O60674,O60674_JAK2_b
JAK3_b,Domain2_JAK3,JAK3,Tyrosine-protein kinase JAK3,TK,JakB,,P52333,P52333_JAK3_b
MSK1_b,Domain2_MSK1,RPS6KA5,Ribosomal protein S6 kinase alpha-5,CAMK,RSKb,MSKb,O75582,O75582_MSK1_b
MSK2_b,Domain2_MSK2,RPS6KA4,Ribosomal protein S6 kinase alpha-4,CAMK,RSKb,MSKb,O75676,O75676_MSK2_b
RSK3_b,Domain2_RSK1,RPS6KA2,Ribosomal protein S6 kinase alpha-2,CAMK,RSKb,RSKb,Q15349,Q15349_RSK3_b
RSK2_b,Domain2_RSK2,RPS6KA3,Ribosomal protein S6 kinase alpha-3,CAMK,RSKb,RSKb,P51812,P51812_RSK2_b
RSK1_b,Domain2_RSK3,RPS6KA1,Ribosomal protein S6 kinase alpha-1,CAMK,RSKb,RSKb,Q15418,Q15418_RSK1_b
TYK2_b,Domain2_TYK2,TYK2,Non-receptor tyrosine-protein kinase TYK2,TK,JakB,,P29597,P29597_TYK2_b
GCN2_b,Domain2_GCN2,EIF2AK4,Eukaryotic translation initiation factor 2-alpha kinase 4,STE,STE-Unique,,Q9P2K8,Q9P2K8_GCN2_b
RSK4_b,Domain2_RSK4,RPS6KA6,Ribosomal protein S6 kinase alpha-6,CAMK,RSKb,RSKb,Q9UK32,Q9UK32_RSK4_b
SPEG_b,Domain2_SPEG,SPEG,Striated muscle preferentially expressed protein kinase,CAMK,Trio,,Q15772,Q15772_SPEG_b
Obscn_b,Domain2_Obscn,OBSCN,Obscurin,CAMK,Trio,,Q5VST9,Q5VST9_Obscn_b
PAN3,PAN3,PAN3,PAB-dependent poly(A)-specific ribonuclease subunit 3,Other,PAN3,,Q58A45,Q58A45_PAN3
FASTK,FASTK,FASTK,Fas-activated serine/threonine kinase,Atypical,FAST,,Q14296,Q14296_FASTK
G11,G11,STK19,Serine/threonine-protein kinase 19,Atypical,G11,,P49842,P49842_G11
TAF1,TAF1,TAF1,Transcription initiation factor TFIID subunit 1,Atypical,TAF1,,P21675,P21675_TAF1
TAF1L,TAF1L,TAF1L,Transcription initiation factor TFIID subunit 1-like,Atypical,TAF1,,Q8IZX4,Q8IZX4_TAF1L
BCR,BCR,BCR,Breakpoint cluster region protein,Atypical,BCR,,P11274,P11274_BCR
ABR,ABR,ABR,Active breakpoint cluster region-related protein,Atypical,BCR,,Q12979,Q12979_ABR
TIF1D,TIF1D,TRIM66,Tripartite motif-containing protein 66,Atypical,TIF1,,B5MCJ9,B5MCJ9_TIF1D
GTF2F1,GTF2F1,,nan,Atypical,GTF2F1,,Q6IBK5,Q6IBK5_GTF2F1
Col4A3BP,Col4A3BP,COL4A3BP,Collagen type IV alpha-3-binding protein,Atypical,Col4A3BP,,Q9Y5P4,Q9Y5P4_Col4A3BP
BLVRA,BLVRA,BLVRA,Biliverdin reductase A,Atypical,BLVRA,,P53004,P53004_BLVRA
BAZ1A,BAZ1A,BAZ1A,Bromodomain adjacent to zinc finger domain protein 1A,Atypical,BAZ,,Q9NRL2,Q9NRL2_BAZ1A
BAZ1B,BAZ1B,BAZ1B,Tyrosine-protein kinase BAZ1B,Atypical,BAZ,,Q9UIG0,Q9UIG0_BAZ1B
